                  epoch,         train/box_loss,         train/cls_loss,         train/dfl_loss,   metrics/precision(B),      metrics/recall(B),       metrics/mAP50(B),    metrics/mAP50-95(B),           val/box_loss,           val/cls_loss,           val/dfl_loss,                 lr/pg0,                 lr/pg1,                 lr/pg2
                      1,                0.72236,                 3.5778,                 1.0305,                  0.012,                0.36537,                0.11386,                0.08695,                 0.5021,                 3.4476,                 0.8583,             0.00021435,             0.00021435,             0.00021435
                      2,                 0.7106,                 2.4184,                 0.9278,                0.55197,                0.26915,                 0.4185,                0.35707,                0.62019,                 2.6452,                0.87685,             0.00035528,             0.00035528,             0.00035528
                      3,                0.69876,                 1.8474,                0.92992,                0.47778,                0.47818,                0.48451,                0.40763,                0.66972,                 2.2063,                0.90201,             0.00040566,             0.00040566,             0.00040566
                      4,                0.72818,                 1.6802,                0.93108,                0.47282,                0.51745,                0.49214,                0.42417,                0.60632,                 2.0979,                0.89724,             0.00036551,             0.00036551,             0.00036551
                      5,                0.65344,                 1.5697,                 0.9139,                0.48018,                0.62519,                0.51788,                  0.448,                0.58634,                 1.9943,                0.89656,             0.00023481,             0.00023481,             0.00023481
